{
  "0": -0.1374901533126831,
  "1": 0.1940622478723526,
  "2": 0.050166986882686615,
  "3": -0.07957915216684341,
  "4": 0.012555472552776337,
  "5": -0.026991920545697212,
  "6": -0.00976226944476366,
  "7": -0.03791465237736702,
  "8": 0.1997261345386505,
  "9": -0.06359744071960449,
  "10": 0.1691569834947586,
  "11": 0.026121560484170914,
  "12": -0.2467891126871109,
  "13": -0.06895969808101654,
  "14": -0.10470988601446152,
  "15": 0.11566095799207687,
  "16": -0.2031269669532776,
  "17": -0.11545629054307938,
  "18": -0.12142270058393478,
  "19": -0.1440461128950119,
  "20": 0.06462737917900085,
  "21": 0.11954863369464874,
  "22": 0.004755876492708921,
  "23": 0.002352602081373334,
  "24": -0.10543323308229446,
  "25": -0.3034557104110718,
  "26": -0.06556202471256256,
  "27": -0.1461038738489151,
  "28": 0.010685859248042107,
  "29": -0.15055382251739502,
  "30": 0.09063136577606201,
  "31": -0.036948155611753464,
  "32": -0.1706167757511139,
  "33": -0.05538071691989899,
  "34": -0.06883417069911957,
  "35": 0.017396511510014534,
  "36": -0.05250821262598038,
  "37": -0.0453934371471405,
  "38": 0.22178226709365845,
  "39": 0.0542173869907856,
  "40": -0.08876238018274307,
  "41": 0.009004601277410984,
  "42": -0.0029588150791823864,
  "43": 0.3712136149406433,
  "44": 0.18755216896533966,
  "45": 0.008239091373980045,
  "46": -0.014394925907254219,
  "47": -0.07615877687931061,
  "48": 0.1282084435224533,
  "49": -0.3071911334991455,
  "50": 0.10836677253246307,
  "51": 0.14377371966838837,
  "52": 0.08237198740243912,
  "53": 0.09931844472885132,
  "54": 0.10410928726196289,
  "55": -0.12354490160942078,
  "56": -0.006269221659749746,
  "57": 0.056375790387392044,
  "58": -0.244774729013443,
  "59": 0.04584350436925888,
  "60": 0.022698532789945602,
  "61": -0.023609237745404243,
  "62": -0.10283117741346359,
  "63": -0.05319241061806679,
  "64": 0.17354942858219147,
  "65": 0.1728052794933319,
  "66": -0.10589548945426941,
  "67": -0.1430448293685913,
  "68": 0.17900052666664124,
  "69": -0.20713841915130615,
  "70": -0.06011244282126427,
  "71": 0.029148435220122337,
  "72": -0.047817498445510864,
  "73": -0.12382330745458603,
  "74": -0.30180656909942627,
  "75": 0.0931166484951973,
  "76": 0.36816146969795227,
  "77": 0.1511646956205368,
  "78": -0.16355599462985992,
  "79": 0.01899372600018978,
  "80": -0.08867581933736801,
  "81": -0.01981218159198761,
  "82": 0.07511157542467117,
  "83": 0.025593334808945656,
  "84": -0.1701408475637436,
  "85": 0.041863009333610535,
  "86": -0.05065328627824783,
  "87": 0.05665753781795502,
  "88": 0.11873539537191391,
  "89": 0.016983481124043465,
  "90": -0.1589810848236084,
  "91": 0.18763692677021027,
  "92": 0.019533725455403328,
  "93": -0.00471613509580493,
  "94": 0.1070794090628624,
  "95": 0.02921971119940281,
  "96": -0.09995445609092712,
  "97": -0.0337701179087162,
  "98": -0.1651054322719574,
  "99": 0.02004253678023815,
  "100": 0.08826172351837158,
  "101": -0.09229726344347,
  "102": -0.03803172707557678,
  "103": 0.10173753648996353,
  "104": -0.09566742926836014,
  "105": 0.19395124912261963,
  "106": 0.02260672114789486,
  "107": -0.06061336398124695,
  "108": -0.03886622563004494,
  "109": 0.036154698580503464,
  "110": -0.17560885846614838,
  "111": -0.031287554651498795,
  "112": 0.211946502327919,
  "113": -0.1788323074579239,
  "114": 0.22737281024456024,
  "115": 0.12919728457927704,
  "116": -0.04016410559415817,
  "117": 0.17844413220882416,
  "118": 0.10223132371902466,
  "119": 0.09342432022094727,
  "120": -0.055353209376335144,
  "121": 0.016566753387451172,
  "122": -0.13198404014110565,
  "123": -0.09847662597894669,
  "124": 0.06480778008699417,
  "125": 0.052304286509752274,
  "126": 0.08669444173574448,
  "127": 0.028676746413111687
}
